index,filename,uid
0,tloz1_2_4.png,IM_9dPOhhyyaJu0LBl
1,tloz1_2_6.png,IM_qAPTHb2zatQKNkA
2,tloz2_1_1.png,IM_I83rbLgOdLA9zjM
3,tloz2_2_6.png,IM_KFBREaLPaP5JALM
4,tloz4_2_4.png,IM_2dJjEswwBESg2t1
5,tloz5_1_2.png,IM_1y60L11M5a3O8cS
6,tloz5_1_6.png,IM_oetkjBFljlN3GTY
7,tloz5_2_2.png,IM_glLtS50PMIOS9aT
8,tloz6_1_12.png,IM_X48zAKrqBo3A99z
9,tloz8_2_11.png,IM_5AhAhwxTagTuDnn
10,tloz8_2_17.png,IM_ApD4RN0KuEvRFOu
11,tloz8_2_19.png,IM_daH8UxAhaTMNvcH
12,tloz9_1_0.png,IM_ppA8MbwuAuLsiCV
13,tloz9_1_1.png,IM_9eL6VEwHAvVRqga
14,tloz9_1_16.png,IM_CuXyzWu6N9SY6O2
15,tloz9_1_29.png,IM_9O7DEQyPsHq0VMh
16,tloz9_2_5.png,IM_9TxTvaGViqzboEn
